Indicator Name: Obese Children (Year 6),,,,,,,,,,,,
,,,,,,,,,,,,
Definition:,"Percentage of children in Year 6 (aged 10-11 years) classified as obese, 2010/11",,,,,,,,,,,
Area:,All LAs - UA/LAD/County/Region/England + South East SHAs,,,,,,,,,,,
Population:,Persons aged 10-11 years,,,,,,,,,,,
Method:,Percentage measured aged 10-11 years,,,,,,,,,,,
Unit:,Percentage,,,,,,,,,,,
PHO responsible:,South East Public Health Observatory,,,,,,,,,,,
,,,,,,,,,,,,
Period:,2010/11,,,,,,,,,,,
Aggregate Numerator:,N/A,,,,,,,,,,,
Aggregate Denominator:,N/A,,,,,,,,,,,
Single Year Numerator:,Number of children in Year 6 with a BMI >= 95th centile of the British 1990 growth reference,,,,,,,,,,,
Single Year Denominator:,Number of children in Year 6 measured in the National Child Measurement Programme (excluding children in independent and special schools),,,,,,,,,,,
Indicator Value:,Prevalence of obesity in Year 6 children,,,,,,,,,,,
95% CI:,95% Confidence Interval (CI) - there is a 95% chance that this interval includes the true value,,,,,,,,,,,
Significance:,"Shows if an area is significantly better, worse or not significantly different than the England average, based on whether the England average value is included within the 95% CI of the local value",,,,,,,,,,,
,,,,,,,,,,,,
,,,,,,,,,,,,
ONS Code (old),ONS Code (new),Area Name                                           ,ONS Cluster,Period,Aggregate Numerator,Aggregate Denominator,Single Year Numerator,Single Year Denominator,Indicator value,Lower 95% CI,Upper 95% CI,Significance
Eng,E92000001,England,N/A,2010/11,n/a,n/a,94315,495353,19.03995736,18.93086266,19.14953225,n/a
A,E12000001,North East,N/A,2010/11,n/a,n/a,5409,25282,21.39466814,20.89353362,21.90449418,Significantly worse than England average
B,E12000002,North West,N/A,2010/11,n/a,n/a,13671,69347,19.71390255,19.41948201,20.01167828,Significantly worse than England average
D,E12000003,Yorkshire and the Humber,N/A,2010/11,n/a,n/a,9894,51572,19.18482898,18.84729529,19.526953,Not significantly different from England average
E,E12000004,East Midlands,N/A,2010/11,n/a,n/a,7970,43662,18.25385919,17.89432473,18.61897932,Significantly better than England average
F,E12000005,West Midlands,N/A,2010/11,n/a,n/a,11500,55997,20.53681447,20.20424916,20.87342193,Significantly worse than England average
G,E12000006,East of England,N/A,2010/11,n/a,n/a,9702,54917,17.6666606,17.349948,17.98789633,Significantly better than England average
H,E12000007,London,N/A,2010/11,n/a,n/a,15949,72821,21.90164925,21.60275008,22.20351275,Significantly worse than England average
J,E12000008,South East,N/A,2010/11,n/a,n/a,12723,76687,16.59081722,16.3292058,16.85577558,Significantly better than England average
K,E12000009,South West,N/A,2010/11,n/a,n/a,7497,45068,16.63486287,16.29390161,16.98151154,Significantly better than England average
Q37,E18000008,South East Coast SHA,N/A,2010/11,n/a,n/a,6574,39382,16.69290539,16.32785382,17.0644541,Significantly better than England average
Q38,E18000009,South Central SHA,N/A,2010/11,n/a,n/a,6151,37331,16.47692266,16.10405784,16.85668601,Significantly better than England average
11,E10000002,Buckinghamshire CC,N/A,2010/11,n/a,n/a,759,4906,15.47085202,14.48598635,16.50974888,Significantly better than England average
12,E10000003,Cambridgeshire CC,N/A,2010/11,n/a,n/a,843,5270,15.99620493,15.03133027,17.01061623,Significantly better than England average
16,E10000006,Cumbria CC,N/A,2010/11,n/a,n/a,914,4392,20.81056466,19.63574269,22.03640304,Significantly worse than England average
17,E10000007,Derbyshire CC,N/A,2010/11,n/a,n/a,1460,7591,19.2333026,18.3623235,20.13540518,Not significantly different from England average
18,E10000008,Devon CC,N/A,2010/11,n/a,n/a,1042,6491,16.05299646,15.18006907,16.96608064,Significantly better than England average
19,E10000009,Dorset CC,N/A,2010/11,n/a,n/a,536,3513,15.25761457,14.10655062,16.484577,Significantly better than England average
21,E10000011,East Sussex CC,N/A,2010/11,n/a,n/a,781,4546,17.17993841,16.11125298,18.30404419,Significantly better than England average
22,E10000012,Essex CC,N/A,2010/11,n/a,n/a,2375,13499,17.59389584,16.96081067,18.24541962,Significantly better than England average
23,E10000013,Gloucestershire CC,N/A,2010/11,n/a,n/a,1007,5685,17.71328056,16.74275422,18.7274109,Significantly better than England average
24,E10000014,Hampshire CC,N/A,2010/11,n/a,n/a,1860,11939,15.57919424,14.93975517,16.24077647,Significantly better than England average
26,E10000015,Hertfordshire CC,N/A,2010/11,n/a,n/a,1630,10300,15.82524272,15.13315171,16.54281567,Significantly better than England average
29,E10000016,Kent CC,N/A,2010/11,n/a,n/a,2599,14132,18.39088593,17.7607754,19.03817622,Significantly better than England average
30,E10000017,Lancashire CC,N/A,2010/11,n/a,n/a,1988,11257,17.66012259,16.96675717,18.37555249,Significantly better than England average
31,E10000018,Leicestershire CC,N/A,2010/11,n/a,n/a,926,6185,14.97170574,14.10426606,15.88263005,Significantly better than England average
32,E10000019,Lincolnshire CC,N/A,2010/11,n/a,n/a,1405,6943,20.23620913,19.30776372,21.19757205,Significantly worse than England average
33,E10000020,Norfolk CC,N/A,2010/11,n/a,n/a,1352,7300,18.52054795,17.64606217,19.42814698,Not significantly different from England average
34,E10000021,Northamptonshire CC,N/A,2010/11,n/a,n/a,1219,7121,17.11838225,16.26130805,18.01091363,Significantly better than England average
36,E10000023,North Yorkshire CC,N/A,2010/11,n/a,n/a,801,5227,15.32427779,14.37322687,16.32625947,Significantly better than England average
37,E10000024,Nottinghamshire CC,N/A,2010/11,n/a,n/a,1181,7105,16.62209711,15.77454549,17.50572208,Significantly better than England average
38,E10000025,Oxfordshire CC,N/A,2010/11,n/a,n/a,819,5439,15.05791506,14.13213508,16.03301802,Significantly better than England average
40,E10000027,Somerset CC,N/A,2010/11,n/a,n/a,758,4599,16.48184388,15.4376164,17.5820188,Significantly better than England average
41,E10000028,Staffordshire CC,N/A,2010/11,n/a,n/a,1437,7613,18.87560751,18.01237104,19.77023838,Not significantly different from England average
42,E10000029,Suffolk CC,N/A,2010/11,n/a,n/a,1154,6588,17.51669702,16.61783081,18.45342315,Significantly better than England average
43,E10000030,Surrey CC,N/A,2010/11,n/a,n/a,1239,9023,13.73157486,13.03682851,14.45718997,Significantly better than England average
44,E10000031,Warwickshire CC,N/A,2010/11,n/a,n/a,854,5274,16.19264316,15.22309739,17.21140206,Significantly better than England average
45,E10000032,West Sussex CC,N/A,2010/11,n/a,n/a,1110,6998,15.86167476,15.02451532,16.73629321,Significantly better than England average
47,E10000034,Worcestershire CC,N/A,2010/11,n/a,n/a,928,5010,18.52295409,17.47148585,19.62265592,Not significantly different from England average
00AB,E09000002,Barking and Dagenham LB,ONS1.2,2010/11,n/a,n/a,515,2124,24.24670433,22.47162243,26.1147727,Significantly worse than England average
00AC,E09000003,Barnet LB,ONS2.4,2010/11,n/a,n/a,550,2801,19.63584434,18.20673217,21.14812888,Not significantly different from England average
00AD,E09000004,Bexley LB,ONS5.8,2010/11,n/a,n/a,534,2507,21.30035899,19.74219808,22.94633787,Significantly worse than England average
00AE,E09000005,Brent LB,ONS4.6,2010/11,n/a,n/a,663,2798,23.69549678,22.15667883,25.30644421,Significantly worse than England average
00AF,E09000006,Bromley LB,ONS1.3,2010/11,n/a,n/a,464,2836,16.36107193,15.04527517,17.76787558,Significantly better than England average
00AG,E09000007,Camden LB,ONS3.5,2010/11,n/a,n/a,298,1327,22.45666918,20.29279333,24.77955206,Significantly worse than England average
00AH,E09000008,Croydon LB,ONS2.4,2010/11,n/a,n/a,804,3445,23.33817126,21.95588176,24.7798548,Significantly worse than England average
00AJ,E09000009,Ealing LB,ONS2.4,2010/11,n/a,n/a,682,3231,21.10801609,19.73566017,22.54899199,Significantly worse than England average
00AK,E09000010,Enfield LB,ONS2.4,2010/11,n/a,n/a,838,3340,25.08982036,23.64874401,26.58813114,Significantly worse than England average
00AL,E09000011,Greenwich LB,ONS2.4,2010/11,n/a,n/a,563,2263,24.87847989,23.14090467,26.70119851,Significantly worse than England average
00AM,E09000012,Hackney LB,ONS4.6,2010/11,n/a,n/a,521,2082,25.02401537,23.2105827,26.92944374,Significantly worse than England average
00AN,E09000013,Hammersmith and Fulham LB,ONS3.5,2010/11,n/a,n/a,275,1159,23.72735116,21.36750179,26.26078448,Significantly worse than England average
00AP,E09000014,Haringey LB,ONS4.6,2010/11,n/a,n/a,454,2150,21.11627907,19.44339633,22.89219225,Significantly worse than England average
00AQ,E09000015,Harrow LB,ONS2.4,2010/11,n/a,n/a,384,2184,17.58241758,16.04321639,19.23545774,Not significantly different from England average
00AR,E09000016,Havering LB,ONS5.8,2010/11,n/a,n/a,477,2476,19.26494346,17.75961218,20.86549651,Not significantly different from England average
00AS,E09000017,Hillingdon LB,ONS1.3,2010/11,n/a,n/a,600,2918,20.56202879,19.13478515,22.06667892,Significantly worse than England average
00AT,E09000018,Hounslow LB,ONS2.4,2010/11,n/a,n/a,530,2266,23.38923213,21.69226694,25.17626896,Significantly worse than England average
00AU,E09000019,Islington LB,ONS3.5,2010/11,n/a,n/a,343,1576,21.76395939,19.79669617,23.86853713,Significantly worse than England average
00AW,E09000020,Kensington and Chelsea LB,ONS3.5,2010/11,n/a,n/a,177,840,21.07142857,18.44839414,23.95784877,Not significantly different from England average
00AX,E09000021,Kingston upon Thames LB,ONS1.3,2010/11,n/a,n/a,216,1374,15.72052402,13.89176779,17.74042444,Significantly better than England average
00AY,E09000022,Lambeth LB,ONS4.6,2010/11,n/a,n/a,552,2305,23.94793926,22.24997838,25.73259118,Significantly worse than England average
00AZ,E09000023,Lewisham LB,ONS4.6,2010/11,n/a,n/a,607,2492,24.35794543,22.71295179,26.08187268,Significantly worse than England average
00BA,E09000024,Merton LB,ONS2.4,2010/11,n/a,n/a,302,1567,19.27249521,17.39562129,21.29965603,Not significantly different from England average
00BB,E09000025,Newham LB,ONS4.6,2010/11,n/a,n/a,895,3617,24.7442632,23.36523911,26.17687643,Significantly worse than England average
00BC,E09000026,Redbridge LB,ONS2.4,2010/11,n/a,n/a,738,3183,23.18567389,21.75243325,24.68355919,Significantly worse than England average
00BD,E09000027,Richmond upon Thames LB,ONS1.3,2010/11,n/a,n/a,163,1528,10.66753927,9.217143542,12.3152061,Significantly better than England average
00BE,E09000028,Southwark LB,ONS4.6,2010/11,n/a,n/a,635,2399,26.46936223,24.74260895,28.27135309,Significantly worse than England average
00BF,E09000029,Sutton LB,ONS1.3,2010/11,n/a,n/a,328,1826,17.96276013,16.26986306,19.7901713,Not significantly different from England average
00BG,E09000030,Tower Hamlets LB,ONS3.5,2010/11,n/a,n/a,617,2409,25.61228726,23.90904155,27.39318779,Significantly worse than England average
00BH,E09000031,Waltham Forest LB,ONS2.4,2010/11,n/a,n/a,513,2521,20.34906783,18.82317464,21.96518676,Not significantly different from England average
00BJ,E09000032,Wandsworth LB,ONS3.5,2010/11,n/a,n/a,399,1910,20.89005236,19.12624924,22.77071433,Significantly worse than England average
00BK,E09000033,City of Westminster LB,ONS3.5,2010/11,n/a,n/a,312,1367,22.82370154,20.67683102,25.12288234,Significantly worse than England average
00BL,E08000001,Bolton MCD,ONS1.2,2010/11,n/a,n/a,650,3059,21.24877411,19.83567566,22.73399294,Significantly worse than England average
00BM,E08000002,Bury MCD,ONS5.7,2010/11,n/a,n/a,384,1904,20.16806723,18.4266147,22.02965357,Not significantly different from England average
00BN,E08000003,Manchester MCD,ONS1.2,2010/11,n/a,n/a,1069,4517,23.6661501,22.44935435,24.92769875,Significantly worse than England average
00BP,E08000004,Oldham MCD,ONS1.2,2010/11,n/a,n/a,468,2706,17.29490022,15.91653668,18.76598896,Significantly better than England average
00BQ,E08000005,Rochdale MCD,ONS1.2,2010/11,n/a,n/a,489,2366,20.66779374,19.08437462,22.34630654,Significantly worse than England average
00BR,E08000006,Salford MCD,ONS1.1,2010/11,n/a,n/a,513,2222,23.08730873,21.38254098,24.88497079,Significantly worse than England average
00BS,E08000007,Stockport MCD,ONS5.7,2010/11,n/a,n/a,476,2877,16.54501217,15.23198878,17.94725668,Significantly better than England average
00BT,E08000008,Tameside MCD,ONS7.11,2010/11,n/a,n/a,459,2333,19.67423918,18.11152475,21.33665669,Not significantly different from England average
00BU,E08000009,Trafford MCD,ONS5.7,2010/11,n/a,n/a,367,2239,16.39124609,14.91565169,17.98196824,Significantly better than England average
00BW,E08000010,Wigan MCD,ONS7.12,2010/11,n/a,n/a,558,2892,19.29460581,17.89751865,20.77315703,Not significantly different from England average
00BX,E08000011,Knowsley MCD,ONS7.11,2010/11,n/a,n/a,385,1585,24.29022082,22.24283936,26.46192313,Significantly worse than England average
00BY,E08000012,Liverpool MCD,ONS1.1,2010/11,n/a,n/a,878,3964,22.1493441,20.88396686,23.46864846,Significantly worse than England average
00BZ,E08000013,St Helens MCD,ONS7.11,2010/11,n/a,n/a,357,1627,21.94222495,19.99864128,24.01798921,Significantly worse than England average
00CA,E08000014,Sefton MCD,ONS7.11,2010/11,n/a,n/a,569,2754,20.66085694,19.19011276,22.2133354,Significantly worse than England average
00CB,E08000015,Wirral MCD,ONS7.11,2010/11,n/a,n/a,602,3241,18.57451404,17.27309532,19.95033991,Not significantly different from England average
00CC,E08000016,Barnsley MCD,ONS7.12,2010/11,n/a,n/a,425,2160,19.67592593,18.05385278,21.40566748,Not significantly different from England average
00CE,E08000017,Doncaster MCD,ONS7.12,2010/11,n/a,n/a,529,2843,18.60710517,17.21928931,20.07964266,Not significantly different from England average
00CF,E08000018,Rotherham MCD,ONS7.12,2010/11,n/a,n/a,637,2953,21.57128344,20.12520646,23.09122826,Significantly worse than England average
00CG,E08000019,Sheffield MCD,ONS1.1,2010/11,n/a,n/a,1059,5230,20.24856597,19.18149361,21.35931137,Significantly worse than England average
00CH,E08000020,Gateshead MCD,ONS7.11,2010/11,n/a,n/a,428,1843,23.22300597,21.35211116,25.2052939,Significantly worse than England average
00CJ,E08000021,Newcastle upon Tyne MCD,ONS1.1,2010/11,n/a,n/a,599,2402,24.93755204,23.24827443,26.70686515,Significantly worse than England average
00CK,E08000022,North Tyneside MCD,ONS7.11,2010/11,n/a,n/a,378,1900,19.89473684,18.16123806,21.74972487,Not significantly different from England average
00CL,E08000023,South Tyneside MCD,ONS7.11,2010/11,n/a,n/a,324,1445,22.42214533,20.34646174,24.64406879,Significantly worse than England average
00CM,E08000024,Sunderland MCD,ONS7.11,2010/11,n/a,n/a,598,2725,21.94495413,20.43110556,23.53779028,Significantly worse than England average
00CN,E08000025,Birmingham MCD,ONS1.2,2010/11,n/a,n/a,2793,11926,23.41941976,22.66799264,24.18796499,Significantly worse than England average
00CQ,E08000026,Coventry MCD,ONS1.2,2010/11,n/a,n/a,687,3395,20.23564065,18.91820372,21.62035847,Not significantly different from England average
00CR,E08000027,Dudley MCD,ONS7.12,2010/11,n/a,n/a,763,3411,22.3688068,21.00188173,23.79789821,Significantly worse than England average
00CS,E08000028,Sandwell MCD,ONS1.2,2010/11,n/a,n/a,893,3452,25.86906141,24.43561031,27.35615965,Significantly worse than England average
00CT,E08000029,Solihull MCD,ONS5.7,2010/11,n/a,n/a,305,2157,14.14000927,12.73325846,15.67426105,Significantly better than England average
00CU,E08000030,Walsall MCD,ONS1.2,2010/11,n/a,n/a,711,3168,22.44318182,21.02424645,23.92886603,Significantly worse than England average
00CW,E08000031,Wolverhampton MCD,ONS1.2,2010/11,n/a,n/a,595,2495,23.84769539,22.21654249,25.55925596,Significantly worse than England average
00CX,E08000032,Bradford MCD,ONS1.2,2010/11,n/a,n/a,1267,5814,21.79222566,20.74986451,22.8718374,Significantly worse than England average
00CY,E08000033,Calderdale MCD,ONS1.2,2010/11,n/a,n/a,416,2337,17.80059906,16.30296047,19.40391987,Not significantly different from England average
00CZ,E08000034,Kirklees MCD,ONS1.2,2010/11,n/a,n/a,824,4313,19.1050313,17.95946739,20.30558067,Not significantly different from England average
00DA,E08000035,Leeds MCD,ONS1.1,2010/11,n/a,n/a,1448,7268,19.92294992,19.02067136,20.85700578,Not significantly different from England average
00DB,E08000036,Wakefield MCD,ONS7.12,2010/11,n/a,n/a,546,3009,18.14556331,16.80942777,19.56292949,Not significantly different from England average
00EB,E06000001,Hartlepool UA,ONS7.11,2010/11,n/a,n/a,268,1036,25.86872587,23.29471967,28.62102712,Significantly worse than England average
00EC,E06000002,Middlesbrough UA,ONS7.11,2010/11,n/a,n/a,339,1553,21.82871861,19.84511817,23.95134261,Significantly worse than England average
00EE,E06000003,Redcar and Cleveland UA,ONS7.11,2010/11,n/a,n/a,261,1391,18.76347951,16.79881411,20.9001986,Not significantly different from England average
00EF,E06000004,Stockton-on-Tees UA,ONS7.12,2010/11,n/a,n/a,405,1960,20.66326531,18.92899568,22.51230576,Not significantly different from England average
00EH,E06000005,Darlington UA,ONS7.11,2010/11,n/a,n/a,172,1024,16.796875,14.63216585,19.20977113,Not significantly different from England average
00EJ,E06000047,County Durham UA,ONS7.11,2010/11,n/a,n/a,1061,4917,21.57819809,20.45081589,22.74995529,Significantly worse than England average
00EM,E06000048,Northumberland UA,ONS5.7,2010/11,n/a,n/a,576,3086,18.66493843,17.32951624,20.07827553,Not significantly different from England average
00EQ,E06000049,Cheshire East UA,ONS5.7,2010/11,n/a,n/a,610,3552,17.17342342,15.96875496,18.44901852,Significantly better than England average
00ET,E06000006,Halton UA,ONS7.11,2010/11,n/a,n/a,301,1263,23.83214568,21.56401082,26.25897876,Significantly worse than England average
00EU,E06000007,Warrington UA,ONS5.7,2010/11,n/a,n/a,374,2142,17.46031746,15.91128732,19.12585188,Not significantly different from England average
00EW,E06000050,Cheshire West and Chester UA,ONS5.7,2010/11,n/a,n/a,625,3145,19.87281399,18.51530953,21.30382634,Not significantly different from England average
00EX,E06000008,Blackburn with Darwen UA,ONS1.2,2010/11,n/a,n/a,345,1847,18.67893882,16.96717319,20.52071944,Not significantly different from England average
00EY,E06000009,Blackpool UA,ONS6.10,2010/11,n/a,n/a,290,1463,19.82228298,17.85964315,21.94298551,Not significantly different from England average
00FA,E06000010,Kingston upon Hull UA,ONS7.11,2010/11,n/a,n/a,550,2374,23.16764954,21.51466317,24.90733249,Significantly worse than England average
00FB,E06000011,East Riding of Yorkshire UA,ONS5.7,2010/11,n/a,n/a,584,3300,17.6969697,16.43263211,19.03642636,Significantly better than England average
00FC,E06000012,North East Lincolnshire UA,ONS7.12,2010/11,n/a,n/a,299,1579,18.93603547,17.07981835,20.94303324,Not significantly different from England average
00FD,E06000013,North Lincolnshire UA,ONS7.12,2010/11,n/a,n/a,274,1571,17.44112031,15.64473221,19.39634801,Not significantly different from England average
00FF,E06000014,York UA,ONS5.7,2010/11,n/a,n/a,235,1594,14.74278545,13.08713642,16.5679621,Significantly better than England average
00FK,E06000015,Derby UA,ONS1.2,2010/11,n/a,n/a,481,2548,18.87755102,17.40535458,20.4434489,Not significantly different from England average
00FN,E06000016,Leicester UA,ONS1.2,2010/11,n/a,n/a,677,3288,20.59002433,19.24259746,22.00609194,Significantly worse than England average
00FP,E06000017,Rutland UA,ONS5.7,2010/11,n/a,n/a,57,340,16.76470588,13.17019986,21.10183331,Not significantly different from England average
00FY,E06000018,Nottingham UA,ONS1.2,2010/11,n/a,n/a,564,2541,22.19598583,20.62284427,23.85306817,Significantly worse than England average
00GA,E06000019,County of Herefordshire UA,ONS5.7,2010/11,n/a,n/a,273,1502,18.17576565,16.30745287,20.20644809,Not significantly different from England average
00GF,E06000020,Telford and Wrekin UA,ONS7.12,2010/11,n/a,n/a,318,1704,18.66197183,16.88333819,20.58158313,Not significantly different from England average
00GG,E06000051,Shropshire UA,ONS5.7,2010/11,n/a,n/a,436,2518,17.31532963,15.887494,18.84274076,Significantly better than England average
00GL,E06000021,Stoke-on-Trent UA,ONS7.11,2010/11,n/a,n/a,507,2372,21.37436762,19.77158152,23.06972235,Significantly worse than England average
00HA,E06000022,Bath and North East Somerset UA,ONS5.7,2010/11,n/a,n/a,264,1560,16.92307692,15.14418505,18.86447074,Significantly better than England average
00HB,E06000023,Bristol UA,ONS1.1,2010/11,n/a,n/a,619,3348,18.48864994,17.21004839,19.83948018,Not significantly different from England average
00HC,E06000024,North Somerset UA,ONS5.7,2010/11,n/a,n/a,296,1865,15.87131367,14.28329498,17.59963741,Significantly better than England average
00HD,E06000025,South Gloucestershire UA,ONS5.7,2010/11,n/a,n/a,414,2571,16.10268378,14.7326573,17.57385446,Significantly better than England average
00HE,E06000052,Cornwall UA,ONS6.10,2010/11,n/a,n/a,514,3283,15.65641182,14.4535897,16.9395113,Significantly better than England average
00HG,E06000026,Plymouth UA,ONS1.1,2010/11,n/a,n/a,421,2234,18.84512086,17.27743815,20.51976395,Not significantly different from England average
00HH,E06000027,Torbay UA,ONS6.10,2010/11,n/a,n/a,164,1058,15.50094518,13.44535478,17.80615231,Significantly better than England average
00HN,E06000028,Bournemouth UA,ONS1.1,2010/11,n/a,n/a,222,1301,17.06379708,15.11728981,19.204233,Not significantly different from England average
00HP,E06000029,Poole UA,ONS5.7,2010/11,n/a,n/a,179,1191,15.02938707,13.112429,17.17120873,Significantly better than England average
00HX,E06000030,Swindon UA,ONS5.8,2010/11,n/a,n/a,340,1965,17.30279898,15.69449387,19.03869684,Significantly better than England average
00HY,E06000054,Wiltshire UA,ONS5.7,2010/11,n/a,n/a,721,4404,16.37148047,15.30805872,17.49351712,Significantly better than England average
00JA,E06000031,Peterborough UA,ONS5.8,2010/11,n/a,n/a,387,1979,19.55533098,17.86755375,21.36107219,Not significantly different from England average
00KA,E06000032,Luton UA,ONS2.4,2010/11,n/a,n/a,536,2448,21.89542484,20.30198601,23.57693018,Significantly worse than England average
00KB,E06000055,Bedford UA,ONS5.8,2010/11,n/a,n/a,305,1679,18.16557475,16.39468617,20.0818016,Not significantly different from England average
00KC,E06000056,Central Bedfordshire UA,ONS5.7,2010/11,n/a,n/a,411,2540,16.18110236,14.80013466,17.66421,Significantly better than England average
00KF,E06000033,Southend-on-Sea UA,ONS1.1,2010/11,n/a,n/a,289,1641,17.61121268,15.84446732,19.52924336,Not significantly different from England average
00KG,E06000034,Thurrock UA,ONS5.8,2010/11,n/a,n/a,420,1673,25.10460251,23.08543005,27.23784019,Significantly worse than England average
00LC,E06000035,Medway UA,ONS5.8,2010/11,n/a,n/a,546,2696,20.25222552,18.77804702,21.81105702,Not significantly different from England average
00MA,E06000036,Bracknell Forest UA,ONS5.9,2010/11,n/a,n/a,159,1003,15.85244267,13.72298287,18.24247266,Significantly better than England average
00MB,E06000037,West Berkshire UA,ONS5.9,2010/11,n/a,n/a,274,1577,17.37476221,15.58460578,19.32347787,Not significantly different from England average
00MC,E06000038,Reading UA,ONS1.3,2010/11,n/a,n/a,291,1383,21.04121475,18.97471702,23.26814031,Not significantly different from England average
00MD,E06000039,Slough UA,ONS2.4,2010/11,n/a,n/a,276,1302,21.19815668,19.06449861,23.50127039,Significantly worse than England average
00ME,E06000040,Windsor and Maidenhead UA,ONS5.9,2010/11,n/a,n/a,143,1119,12.7792672,10.94968632,14.8635268,Significantly better than England average
00MF,E06000041,Wokingham UA,ONS5.9,2010/11,n/a,n/a,197,1522,12.9434954,11.34990578,14.72367196,Significantly better than England average
00MG,E06000042,Milton Keynes UA,ONS5.8,2010/11,n/a,n/a,451,2271,19.85909291,18.26982211,21.55015987,Not significantly different from England average
00ML,E06000043,Brighton and Hove UA,ONS1.1,2010/11,n/a,n/a,295,1942,15.19052523,13.66297784,16.85551359,Significantly better than England average
00MR,E06000044,Portsmouth UA,ONS1.1,2010/11,n/a,n/a,341,1794,19.00780379,17.25913944,20.88891057,Not significantly different from England average
00MS,E06000045,Southampton UA,ONS1.1,2010/11,n/a,n/a,376,1895,19.84168865,18.10789086,21.69751023,Not significantly different from England average
00MW,E06000046,Isle of Wight UA,ONS6.10,2010/11,n/a,n/a,207,1200,17.25,15.21771439,19.49129615,Not significantly different from England average
11UB,E07000004,Aylesbury Vale CD,ONS5.9,2010/11,n/a,n/a,287,1746,16.43757159,14.77319613,18.24930747,Significantly better than England average
11UC,E07000005,Chiltern CD,ONS5.9,2010/11,n/a,n/a,118,918,12.8540305,10.84274074,15.17490649,Significantly better than England average
11UE,E07000006,South Bucks CD,ONS5.9,2010/11,n/a,n/a,97,595,16.30252101,13.55226944,19.48509894,Not significantly different from England average
11UF,E07000007,Wycombe CD,ONS5.9,2010/11,n/a,n/a,257,1647,15.60412872,13.93178306,17.43655071,Significantly better than England average
12UB,E07000008,Cambridge CD,ONS1.3,2010/11,n/a,n/a,108,759,14.22924901,11.9237593,16.89500196,Significantly better than England average
12UC,E07000009,East Cambridgeshire CD,ONS5.7,2010/11,n/a,n/a,118,710,16.61971831,14.06264371,19.53605749,Not significantly different from England average
12UD,E07000010,Fenland CD,ONS5.7,2010/11,n/a,n/a,174,909,19.14191419,16.71632899,21.82721605,Not significantly different from England average
12UE,E07000011,Huntingdonshire CD,ONS5.7,2010/11,n/a,n/a,271,1534,17.66623207,15.83915664,19.6548441,Not significantly different from England average
12UG,E07000012,South Cambridgeshire CD,ONS5.9,2010/11,n/a,n/a,172,1358,12.66568483,11.0014499,14.54054375,Significantly better than England average
16UB,E07000026,Allerdale CD,ONS6.10,2010/11,n/a,n/a,185,851,21.73913043,19.09819041,24.63406602,Significantly worse than England average
16UC,E07000027,Barrow-in-Furness CD,ONS7.11,2010/11,n/a,n/a,144,708,20.33898305,17.53776973,23.46032826,Not significantly different from England average
16UD,E07000028,Carlisle CD,ONS6.10,2010/11,n/a,n/a,192,946,20.29598309,17.85548947,22.97674155,Not significantly different from England average
16UE,E07000029,Copeland CD,ONS7.11,2010/11,n/a,n/a,140,586,23.89078498,20.61539328,27.5062595,Significantly worse than England average
16UF,E07000030,Eden CD,ONS6.10,2010/11,n/a,n/a,112,487,22.99794661,19.48044936,26.9380947,Significantly worse than England average
16UG,E07000031,South Lakeland CD,ONS6.10,2010/11,n/a,n/a,141,814,17.32186732,14.87720173,20.07351589,Not significantly different from England average
17UB,E07000032,Amber Valley CD,ONS7.12,2010/11,n/a,n/a,207,1275,16.23529412,14.31301691,18.36042013,Significantly better than England average
17UC,E07000033,Bolsover CD,ONS7.12,2010/11,n/a,n/a,169,715,23.63636364,20.66831544,26.88618418,Significantly worse than England average
17UD,E07000034,Chesterfield CD,ONS7.12,2010/11,n/a,n/a,236,985,23.95939086,21.39824013,26.72286711,Significantly worse than England average
17UF,E07000035,Derbyshire Dales CD,ONS5.7,2010/11,n/a,n/a,124,704,17.61363636,14.97761042,20.60118419,Not significantly different from England average
17UG,E07000036,Erewash CD,ONS7.12,2010/11,n/a,n/a,206,1074,19.18063315,16.93741144,21.64353713,Not significantly different from England average
17UH,E07000037,High Peak CD,ONS5.7,2010/11,n/a,n/a,148,915,16.17486339,13.93121461,18.70134195,Significantly better than England average
17UJ,E07000038,North East Derbyshire CD,ONS7.12,2010/11,n/a,n/a,208,1024,20.3125,17.96136795,22.88554042,Not significantly different from England average
17UK,E07000039,South Derbyshire CD,ONS5.7,2010/11,n/a,n/a,162,899,18.02002225,15.64528963,20.66689516,Not significantly different from England average
18UB,E07000040,East Devon CD,ONS6.10,2010/11,n/a,n/a,190,1212,15.67656766,13.73847468,17.83155083,Significantly better than England average
18UC,E07000041,Exeter CD,ONS1.1,2010/11,n/a,n/a,148,837,17.68219833,15.24689072,20.41279943,Not significantly different from England average
18UD,E07000042,Mid Devon CD,ONS5.7,2010/11,n/a,n/a,118,699,16.88125894,14.28705525,19.83749102,Not significantly different from England average
18UE,E07000043,North Devon CD,ONS6.10,2010/11,n/a,n/a,159,915,17.37704918,15.05964419,19.96723185,Not significantly different from England average
18UG,E07000044,South Hams CD,ONS6.10,2010/11,n/a,n/a,96,686,13.9941691,11.59804472,16.79129842,Significantly better than England average
18UH,E07000045,Teignbridge CD,ONS6.10,2010/11,n/a,n/a,173,1157,14.95246327,13.01377366,17.12311162,Significantly better than England average
18UK,E07000046,Torridge CD,ONS6.10,2010/11,n/a,n/a,95,577,16.4644714,13.66213586,19.71038875,Not significantly different from England average
18UL,E07000047,West Devon CD,ONS6.10,2010/11,n/a,n/a,63,408,15.44117647,12.25885129,19.26819779,Not significantly different from England average
19UC,E07000048,Christchurch CD,ONS6.10,2010/11,n/a,n/a,50,342,14.61988304,11.26861654,18.75712391,Significantly better than England average
19UD,E07000049,East Dorset CD,ONS5.7,2010/11,n/a,n/a,107,758,14.11609499,11.8179635,16.77610371,Significantly better than England average
19UE,E07000050,North Dorset CD,ONS5.7,2010/11,n/a,n/a,71,541,13.12384473,10.5366812,16.23100626,Significantly better than England average
19UG,E07000051,Purbeck CD,ONS6.10,2010/11,n/a,n/a,61,382,15.96858639,12.63664775,19.97816228,Not significantly different from England average
19UH,E07000052,West Dorset CD,ONS6.10,2010/11,n/a,n/a,128,922,13.88286334,11.80045819,16.26497962,Significantly better than England average
19UJ,E07000053,Weymouth and Portland CD,ONS6.10,2010/11,n/a,n/a,119,568,20.95070423,17.80466311,24.48703419,Not significantly different from England average
21UC,E07000061,Eastbourne CD,ONS1.1,2010/11,n/a,n/a,135,756,17.85714286,15.29161314,20.7476758,Not significantly different from England average
21UD,E07000062,Hastings CD,ONS1.1,2010/11,n/a,n/a,180,854,21.07728337,18.47441921,23.9391824,Not significantly different from England average
21UF,E07000063,Lewes CD,ONS5.7,2010/11,n/a,n/a,119,817,14.56548348,12.31239889,17.1502283,Significantly better than England average
21UG,E07000064,Rother CD,ONS6.10,2010/11,n/a,n/a,137,751,18.24234354,15.64420485,21.16371761,Not significantly different from England average
21UH,E07000065,Wealden CD,ONS5.7,2010/11,n/a,n/a,210,1388,15.129683,13.34091812,17.11093084,Significantly better than England average
22UB,E07000066,Basildon CD,ONS5.8,2010/11,n/a,n/a,300,1771,16.93958216,15.26458604,18.75768991,Significantly better than England average
22UC,E07000067,Braintree CD,ONS5.7,2010/11,n/a,n/a,225,1439,15.63585823,13.85107934,17.60362111,Significantly better than England average
22UD,E07000068,Brentwood CD,ONS5.9,2010/11,n/a,n/a,96,709,13.54019746,11.21728393,16.25607026,Significantly better than England average
22UE,E07000069,Castle Point CD,ONS5.7,2010/11,n/a,n/a,150,842,17.81472684,15.3781224,20.54367543,Not significantly different from England average
22UF,E07000070,Chelmsford CD,ONS5.9,2010/11,n/a,n/a,298,1624,18.34975369,16.54262273,20.30626422,Not significantly different from England average
22UG,E07000071,Colchester CD,ONS5.7,2010/11,n/a,n/a,269,1635,16.45259939,14.73451773,18.32795185,Significantly better than England average
22UH,E07000072,Epping Forest CD,ONS5.9,2010/11,n/a,n/a,184,1051,17.50713606,15.32906643,19.92186685,Not significantly different from England average
22UJ,E07000073,Harlow CD,ONS5.8,2010/11,n/a,n/a,195,876,22.26027397,19.62998741,25.1327883,Significantly worse than England average
22UK,E07000074,Maldon CD,ONS5.7,2010/11,n/a,n/a,115,603,19.07131012,16.13523697,22.39895601,Not significantly different from England average
22UL,E07000075,Rochford CD,ONS5.9,2010/11,n/a,n/a,156,872,17.88990826,15.48857054,20.57291703,Not significantly different from England average
22UN,E07000076,Tendring CD,ONS6.10,2010/11,n/a,n/a,283,1316,21.50455927,19.36940991,23.80558319,Significantly worse than England average
22UQ,E07000077,Uttlesford CD,ONS5.9,2010/11,n/a,n/a,104,761,13.66622865,11.40756981,16.28986427,Significantly better than England average
23UB,E07000078,Cheltenham CD,ONS5.7,2010/11,n/a,n/a,141,961,14.67221644,12.57583386,17.04990995,Significantly better than England average
23UC,E07000079,Cotswold CD,ONS5.7,2010/11,n/a,n/a,118,744,15.86021505,13.41154105,18.65962269,Significantly better than England average
23UD,E07000080,Forest of Dean CD,ONS5.7,2010/11,n/a,n/a,155,811,19.11220715,16.55424299,21.96140388,Not significantly different from England average
23UE,E07000081,Gloucester CD,ONS5.8,2010/11,n/a,n/a,290,1243,23.33065165,21.06382061,25.76181666,Significantly worse than England average
23UF,E07000082,Stroud CD,ONS5.7,2010/11,n/a,n/a,184,1179,15.60644614,13.64693546,17.78935349,Significantly better than England average
23UG,E07000083,Tewkesbury CD,ONS5.7,2010/11,n/a,n/a,119,747,15.93038822,13.48127779,18.72811288,Significantly better than England average
24UB,E07000084,Basingstoke and Deane CD,ONS5.9,2010/11,n/a,n/a,293,1698,17.25559482,15.53274453,19.12626884,Not significantly different from England average
24UC,E07000085,East Hampshire CD,ONS5.9,2010/11,n/a,n/a,148,1001,14.78521479,12.721037,17.1186413,Significantly better than England average
24UD,E07000086,Eastleigh CD,ONS5.7,2010/11,n/a,n/a,169,1178,14.34634975,12.46034454,16.46413228,Significantly better than England average
24UE,E07000087,Fareham CD,ONS5.7,2010/11,n/a,n/a,176,1118,15.74239714,13.72528676,17.9941203,Significantly better than England average
24UF,E07000088,Gosport CD,ONS5.8,2010/11,n/a,n/a,145,739,19.62110961,16.91805736,22.63835879,Not significantly different from England average
24UG,E07000089,Hart CD,ONS5.9,2010/11,n/a,n/a,121,886,13.65688488,11.55211011,16.07544718,Significantly better than England average
24UH,E07000090,Havant CD,ONS7.12,2010/11,n/a,n/a,171,1006,16.99801193,14.80347983,19.44362458,Not significantly different from England average
24UJ,E07000091,New Forest CD,ONS5.7,2010/11,n/a,n/a,178,1413,12.59731069,10.96796517,14.42947479,Significantly better than England average
24UL,E07000092,Rushmoor CD,ONS5.8,2010/11,n/a,n/a,173,845,20.47337278,17.88923497,23.32475796,Not significantly different from England average
24UN,E07000093,Test Valley CD,ONS5.9,2010/11,n/a,n/a,154,1097,14.03828624,12.10785883,16.21969518,Significantly better than England average
24UP,E07000094,Winchester CD,ONS5.9,2010/11,n/a,n/a,132,958,13.77870564,11.74031944,16.10641729,Significantly better than England average
26UB,E07000095,Broxbourne CD,ONS5.8,2010/11,n/a,n/a,171,797,21.45545797,18.74592202,24.43883758,Not significantly different from England average
26UC,E07000096,Dacorum CD,ONS5.9,2010/11,n/a,n/a,204,1267,16.10102605,14.18017206,18.2268175,Significantly better than England average
26UD,E07000097,East Hertfordshire CD,ONS5.9,2010/11,n/a,n/a,203,1402,14.47931526,12.73436005,16.41839087,Significantly better than England average
26UE,E07000098,Hertsmere CD,ONS5.9,2010/11,n/a,n/a,153,890,17.19101124,14.85452484,19.80950375,Not significantly different from England average
26UF,E07000099,North Hertfordshire CD,ONS5.9,2010/11,n/a,n/a,164,1204,13.62126246,11.79906578,15.67485941,Significantly better than England average
26UG,E07000100,St Albans CD,ONS5.9,2010/11,n/a,n/a,159,1403,11.33285816,9.778636024,13.09824586,Significantly better than England average
26UH,E07000101,Stevenage CD,ONS5.8,2010/11,n/a,n/a,155,841,18.43043995,15.95552528,21.19244556,Not significantly different from England average
26UJ,E07000102,Three Rivers CD,ONS5.9,2010/11,n/a,n/a,112,724,15.46961326,13.01845115,18.28526975,Significantly better than England average
26UK,E07000103,Watford CD,ONS1.3,2010/11,n/a,n/a,142,788,18.02030457,15.49386461,20.85703058,Not significantly different from England average
26UL,E07000104,Welwyn Hatfield CD,ONS5.7,2010/11,n/a,n/a,167,984,16.97154472,14.75558565,19.44438194,Not significantly different from England average
29UB,E07000105,Ashford CD,ONS5.7,2010/11,n/a,n/a,229,1230,18.61788618,16.54145385,20.88972951,Not significantly different from England average
29UC,E07000106,Canterbury CD,ONS5.7,2010/11,n/a,n/a,168,1157,14.52031115,12.60766176,16.66777945,Significantly better than England average
29UD,E07000107,Dartford CD,ONS5.8,2010/11,n/a,n/a,225,1028,21.88715953,19.46676587,24.51687667,Significantly worse than England average
29UE,E07000108,Dover CD,ONS6.10,2010/11,n/a,n/a,210,996,21.08433735,18.6646035,23.72626308,Not significantly different from England average
29UG,E07000109,Gravesham CD,ONS5.8,2010/11,n/a,n/a,213,1115,19.10313901,16.90331254,21.51512963,Not significantly different from England average
29UH,E07000110,Maidstone CD,ONS5.7,2010/11,n/a,n/a,288,1480,19.45945946,17.52266035,21.55438898,Not significantly different from England average
29UK,E07000111,Sevenoaks CD,ONS5.9,2010/11,n/a,n/a,166,1033,16.0696999,13.95647876,18.43434203,Significantly better than England average
29UL,E07000112,Shepway CD,ONS6.10,2010/11,n/a,n/a,212,1086,19.52117864,17.27295133,21.98426864,Not significantly different from England average
29UM,E07000113,Swale CD,ONS7.12,2010/11,n/a,n/a,261,1446,18.04979253,16.15293964,20.11595415,Not significantly different from England average
29UN,E07000114,Thanet CD,ONS6.10,2010/11,n/a,n/a,263,1350,19.48148148,17.45658838,21.67956418,Not significantly different from England average
29UP,E07000115,Tonbridge and Malling CD,ONS5.9,2010/11,n/a,n/a,212,1262,16.79873217,14.83752581,18.96145082,Significantly better than England average
29UQ,E07000116,Tunbridge Wells CD,ONS5.9,2010/11,n/a,n/a,152,949,16.01685985,13.82109089,18.48664047,Significantly better than England average
30UD,E07000117,Burnley CD,ONS1.2,2010/11,n/a,n/a,179,880,20.34090909,17.81291507,23.12671898,Not significantly different from England average
30UE,E07000118,Chorley CD,ONS5.7,2010/11,n/a,n/a,181,1057,17.12393567,14.97292511,19.5130441,Not significantly different from England average
30UF,E07000119,Fylde CD,ONS6.10,2010/11,n/a,n/a,92,576,15.97222222,13.20728508,19.18802849,Not significantly different from England average
30UG,E07000120,Hyndburn CD,ONS1.2,2010/11,n/a,n/a,178,953,18.67785939,16.3309834,21.27623517,Not significantly different from England average
30UH,E07000121,Lancaster CD,ONS1.1,2010/11,n/a,n/a,185,1144,16.17132867,14.15155206,18.41753281,Significantly better than England average
30UJ,E07000122,Pendle CD,ONS1.2,2010/11,n/a,n/a,163,945,17.24867725,14.97371808,19.788829,Not significantly different from England average
30UK,E07000123,Preston CD,ONS1.2,2010/11,n/a,n/a,240,1293,18.56148492,16.53651276,20.77270924,Not significantly different from England average
30UL,E07000124,Ribble Valley CD,ONS5.7,2010/11,n/a,n/a,79,647,12.21020093,9.908053619,14.95844138,Significantly better than England average
30UM,E07000125,Rossendale CD,ONS7.12,2010/11,n/a,n/a,125,756,16.53439153,14.05676558,19.35039533,Not significantly different from England average
30UN,E07000126,South Ribble CD,ONS5.7,2010/11,n/a,n/a,163,1004,16.23505976,14.0834003,18.64411412,Significantly better than England average
30UP,E07000127,West Lancashire CD,ONS5.7,2010/11,n/a,n/a,233,1082,21.53419593,19.18788146,24.08192142,Significantly worse than England average
30UQ,E07000128,Wyre CD,ONS6.10,2010/11,n/a,n/a,170,920,18.47826087,16.10315755,21.11550757,Not significantly different from England average
31UB,E07000129,Blaby CD,ONS5.7,2010/11,n/a,n/a,94,784,11.98979592,9.899268931,14.450993,Significantly better than England average
31UC,E07000130,Charnwood CD,ONS5.7,2010/11,n/a,n/a,237,1439,16.46977067,14.64312692,18.47495795,Significantly better than England average
31UD,E07000131,Harborough CD,ONS5.7,2010/11,n/a,n/a,110,740,14.86486486,12.48340145,17.60922866,Significantly better than England average
31UE,E07000132,Hinckley and Bosworth CD,ONS5.7,2010/11,n/a,n/a,124,1004,12.35059761,10.45775519,14.53044673,Significantly better than England average
31UG,E07000133,Melton CD,ONS5.7,2010/11,n/a,n/a,78,458,17.03056769,13.86557525,20.74401984,Not significantly different from England average
31UH,E07000134,North West Leicestershire CD,ONS5.7,2010/11,n/a,n/a,136,930,14.62365591,12.49826047,17.04010027,Significantly better than England average
31UJ,E07000135,Oadby and Wigston CD,ONS5.7,2010/11,n/a,n/a,147,830,17.71084337,15.26415314,20.45504212,Not significantly different from England average
32UB,E07000136,Boston CD,ONS5.7,2010/11,n/a,n/a,139,631,22.02852615,18.96948392,25.42608207,Not significantly different from England average
32UC,E07000137,East Lindsey CD,ONS6.10,2010/11,n/a,n/a,273,1247,21.8925421,19.68562456,24.27210125,Significantly worse than England average
32UD,E07000138,Lincoln CD,ONS1.1,2010/11,n/a,n/a,156,767,20.33898305,17.64142,23.33217518,Not significantly different from England average
32UE,E07000139,North Kesteven CD,ONS5.7,2010/11,n/a,n/a,200,1210,16.52892562,14.54259641,18.72710746,Significantly better than England average
32UF,E07000140,South Holland CD,ONS5.7,2010/11,n/a,n/a,202,823,24.54434994,21.72691788,27.59831303,Significantly worse than England average
32UG,E07000141,South Kesteven CD,ONS5.7,2010/11,n/a,n/a,243,1390,17.48201439,15.57568459,19.56758481,Not significantly different from England average
32UH,E07000142,West Lindsey CD,ONS5.7,2010/11,n/a,n/a,192,875,21.94285714,19.32656249,24.80443007,Significantly worse than England average
33UB,E07000143,Breckland CD,ONS5.7,2010/11,n/a,n/a,210,1123,18.69991095,16.52754028,21.08568876,Not significantly different from England average
33UC,E07000144,Broadland CD,ONS5.7,2010/11,n/a,n/a,186,1196,15.55183946,13.60860777,17.71565229,Significantly better than England average
33UD,E07000145,Great Yarmouth CD,ONS6.10,2010/11,n/a,n/a,183,886,20.65462754,18.11842161,23.44420229,Not significantly different from England average
33UE,E07000146,King's Lynn and West Norfolk CD,ONS5.7,2010/11,n/a,n/a,278,1316,21.12462006,19.00488219,23.41244415,Not significantly different from England average
33UF,E07000147,North Norfolk CD,ONS6.10,2010/11,n/a,n/a,136,700,19.42857143,16.66771544,22.52313576,Not significantly different from England average
33UG,E07000148,Norwich CD,ONS1.1,2010/11,n/a,n/a,165,892,18.49775785,16.0866638,21.1790215,Not significantly different from England average
33UH,E07000149,South Norfolk CD,ONS5.7,2010/11,n/a,n/a,194,1187,16.34372367,14.34936022,18.55522635,Significantly better than England average
34UB,E07000150,Corby CD,ONS7.12,2010/11,n/a,n/a,122,674,18.10089021,15.3775347,21.18580258,Not significantly different from England average
34UC,E07000151,Daventry CD,ONS5.7,2010/11,n/a,n/a,138,850,16.23529412,13.90899582,18.8654093,Significantly better than England average
34UD,E07000152,East Northamptonshire CD,ONS5.7,2010/11,n/a,n/a,149,832,17.90865385,15.4526029,20.65968318,Not significantly different from England average
34UE,E07000153,Kettering CD,ONS5.7,2010/11,n/a,n/a,159,963,16.51090343,14.2998871,18.98803781,Significantly better than England average
34UF,E07000154,Northampton CD,ONS5.8,2010/11,n/a,n/a,339,1927,17.59211209,15.95705025,19.35612659,Not significantly different from England average
34UG,E07000155,South Northamptonshire CD,ONS5.7,2010/11,n/a,n/a,165,1098,15.0273224,13.03579646,17.26270576,Significantly better than England average
34UH,E07000156,Wellingborough CD,ONS5.8,2010/11,n/a,n/a,147,777,18.91891892,16.32047368,21.82317961,Not significantly different from England average
36UB,E07000163,Craven CD,ONS6.10,2010/11,n/a,n/a,70,506,13.83399209,11.09722587,17.11575217,Significantly better than England average
36UC,E07000164,Hambleton CD,ONS5.7,2010/11,n/a,n/a,133,823,16.16038882,13.80376076,18.83145073,Significantly better than England average
36UD,E07000165,Harrogate CD,ONS5.7,2010/11,n/a,n/a,184,1340,13.73134328,11.9919349,15.67810433,Significantly better than England average
36UE,E07000166,Richmondshire CD,ONS5.7,2010/11,n/a,n/a,65,448,14.50892857,11.54929791,18.07203413,Significantly better than England average
36UF,E07000167,Ryedale CD,ONS6.10,2010/11,n/a,n/a,73,412,17.7184466,14.33471118,21.69860288,Not significantly different from England average
36UG,E07000168,Scarborough CD,ONS6.10,2010/11,n/a,n/a,167,939,17.78487753,15.47181839,20.36044754,Not significantly different from England average
36UH,E07000169,Selby CD,ONS5.7,2010/11,n/a,n/a,109,759,14.36100132,12.04538372,17.03555522,Significantly better than England average
37UB,E07000170,Ashfield CD,ONS7.12,2010/11,n/a,n/a,179,1019,17.56624141,15.35283339,20.02327067,Not significantly different from England average
37UC,E07000171,Bassetlaw CD,ONS7.12,2010/11,n/a,n/a,201,1043,19.27133269,16.99209745,21.77608998,Not significantly different from England average
37UD,E07000172,Broxtowe CD,ONS5.7,2010/11,n/a,n/a,145,967,14.99482937,12.88329093,17.38338713,Significantly better than England average
37UE,E07000173,Gedling CD,ONS5.7,2010/11,n/a,n/a,164,1006,16.30218688,14.14852013,18.71222805,Significantly better than England average
37UF,E07000174,Mansfield CD,ONS7.12,2010/11,n/a,n/a,189,950,19.89473684,17.47964771,22.55231518,Not significantly different from England average
37UG,E07000175,Newark and Sherwood CD,ONS5.7,2010/11,n/a,n/a,179,1073,16.68219944,14.57115449,19.03095618,Significantly better than England average
37UJ,E07000176,Rushcliffe CD,ONS5.7,2010/11,n/a,n/a,124,1047,11.84336199,10.02423451,13.94146048,Significantly better than England average
38UB,E07000177,Cherwell CD,ONS5.7,2010/11,n/a,n/a,199,1304,15.2607362,13.41115517,17.31439311,Significantly better than England average
38UC,E07000178,Oxford CD,ONS1.3,2010/11,n/a,n/a,180,921,19.54397394,17.11170539,22.22924926,Not significantly different from England average
38UD,E07000179,South Oxfordshire CD,ONS5.9,2010/11,n/a,n/a,162,1192,13.59060403,11.7617684,15.65335895,Significantly better than England average
38UE,E07000180,Vale of White Horse CD,ONS5.9,2010/11,n/a,n/a,142,1076,13.19702602,11.30500121,15.35089874,Significantly better than England average
38UF,E07000181,West Oxfordshire CD,ONS5.7,2010/11,n/a,n/a,136,946,14.37632135,12.28452314,16.75626638,Significantly better than England average
40UB,E07000187,Mendip CD,ONS5.7,2010/11,n/a,n/a,161,930,17.31182796,15.01593539,19.87665325,Not significantly different from England average
40UC,E07000188,Sedgemoor CD,ONS5.7,2010/11,n/a,n/a,179,1077,16.62024141,14.51640866,18.96134665,Significantly better than England average
40UD,E07000189,South Somerset CD,ONS5.7,2010/11,n/a,n/a,231,1421,16.25615764,14.42917403,18.26509212,Significantly better than England average
40UE,E07000190,Taunton Deane CD,ONS5.7,2010/11,n/a,n/a,151,968,15.59917355,13.44984422,18.02045951,Significantly better than England average
40UF,E07000191,West Somerset CD,ONS6.10,2010/11,n/a,n/a,36,203,17.73399015,13.0935908,23.57287793,Not significantly different from England average
41UB,E07000192,Cannock Chase CD,ONS7.12,2010/11,n/a,n/a,168,865,19.42196532,16.92322341,22.19110008,Not significantly different from England average
41UC,E07000193,East Staffordshire CD,ONS7.12,2010/11,n/a,n/a,219,1083,20.22160665,17.93664406,22.71707367,Not significantly different from England average
41UD,E07000194,Lichfield CD,ONS5.7,2010/11,n/a,n/a,132,773,17.076326,14.58795511,19.89031015,Not significantly different from England average
41UE,E07000195,Newcastle-under-Lyme CD,ONS7.12,2010/11,n/a,n/a,223,1163,19.17454858,17.01494778,21.53711561,Not significantly different from England average
41UF,E07000196,South Staffordshire CD,ONS5.7,2010/11,n/a,n/a,228,1068,21.34831461,18.99573432,23.90626905,Not significantly different from England average
41UG,E07000197,Stafford CD,ONS5.7,2010/11,n/a,n/a,152,1021,14.88736533,12.83566549,17.20229367,Significantly better than England average
41UH,E07000198,Staffordshire Moorlands CD,ONS5.7,2010/11,n/a,n/a,160,881,18.16118048,15.75545271,20.84335893,Not significantly different from England average
41UK,E07000199,Tamworth CD,ONS7.12,2010/11,n/a,n/a,155,759,20.42160738,17.70597323,23.43513875,Not significantly different from England average
42UB,E07000200,Babergh CD,ONS5.7,2010/11,n/a,n/a,106,750,14.13333333,11.8225864,16.80962218,Significantly better than England average
42UC,E07000201,Forest Heath CD,ONS5.8,2010/11,n/a,n/a,81,399,20.30075188,16.64583048,24.52209183,Not significantly different from England average
42UD,E07000202,Ipswich CD,ONS5.8,2010/11,n/a,n/a,243,1300,18.69230769,16.66645457,20.90264216,Not significantly different from England average
42UE,E07000203,Mid Suffolk CD,ONS5.7,2010/11,n/a,n/a,136,893,15.22956327,13.02222399,17.73476835,Significantly better than England average
42UF,E07000204,St Edmundsbury CD,ONS5.7,2010/11,n/a,n/a,183,1083,16.89750693,14.7836014,19.24541505,Not significantly different from England average
42UG,E07000205,Suffolk Coastal CD,ONS5.7,2010/11,n/a,n/a,179,1086,16.4825046,14.39472284,18.80657043,Significantly better than England average
42UH,E07000206,Waveney CD,ONS6.10,2010/11,n/a,n/a,226,1077,20.98421541,18.65758968,23.5170933,Not significantly different from England average
43UB,E07000207,Elmbridge CD,ONS5.9,2010/11,n/a,n/a,114,922,12.36442516,10.39449147,14.64667045,Significantly better than England average
43UC,E07000208,Epsom and Ewell CD,ONS5.9,2010/11,n/a,n/a,91,662,13.74622356,11.33160145,16.57916565,Significantly better than England average
43UD,E07000209,Guildford CD,ONS5.9,2010/11,n/a,n/a,139,1045,13.30143541,11.37628299,15.4954102,Significantly better than England average
43UE,E07000210,Mole Valley CD,ONS5.9,2010/11,n/a,n/a,83,686,12.09912536,9.867457889,14.7529033,Significantly better than England average
43UF,E07000211,Reigate and Banstead CD,ONS5.9,2010/11,n/a,n/a,186,1206,15.42288557,13.49458031,17.57076764,Significantly better than England average
43UG,E07000212,Runnymede CD,ONS5.9,2010/11,n/a,n/a,82,517,15.86073501,12.96513864,19.25991871,Not significantly different from England average
43UH,E07000213,Spelthorne CD,ONS5.9,2010/11,n/a,n/a,151,795,18.99371069,16.41864738,21.86697932,Not significantly different from England average
43UJ,E07000214,Surrey Heath CD,ONS5.9,2010/11,n/a,n/a,100,751,13.31557923,11.0714352,15.93310415,Significantly better than England average
43UK,E07000215,Tandridge CD,ONS5.9,2010/11,n/a,n/a,104,749,13.88518024,11.59251555,16.54640485,Significantly better than England average
43UL,E07000216,Waverley CD,ONS5.9,2010/11,n/a,n/a,93,949,9.799789252,8.067141773,11.85657765,Significantly better than England average
43UM,E07000217,Woking CD,ONS5.9,2010/11,n/a,n/a,96,741,12.95546559,10.72731846,15.56572102,Significantly better than England average
44UB,E07000218,North Warwickshire CD,ONS5.7,2010/11,n/a,n/a,139,711,19.54992968,16.80173502,22.62539324,Not significantly different from England average
44UC,E07000219,Nuneaton and Bedworth CD,ONS7.12,2010/11,n/a,n/a,212,1190,17.81512605,15.74569221,20.09168432,Not significantly different from England average
44UD,E07000220,Rugby CD,ONS5.7,2010/11,n/a,n/a,143,1028,13.91050584,11.92910786,16.1606201,Significantly better than England average
44UE,E07000221,Stratford-on-Avon CD,ONS5.7,2010/11,n/a,n/a,184,1166,15.78044597,13.80073536,17.98489303,Significantly better than England average
44UF,E07000222,Warwick CD,ONS5.7,2010/11,n/a,n/a,176,1179,14.927905,13.00776551,17.0758485,Significantly better than England average
45UB,E07000223,Adur CD,ONS5.7,2010/11,n/a,n/a,82,500,16.4,13.41289203,19.89946365,Not significantly different from England average
45UC,E07000224,Arun CD,ONS6.10,2010/11,n/a,n/a,221,1184,18.66554054,16.54878072,20.98497057,Not significantly different from England average
45UD,E07000225,Chichester CD,ONS6.10,2010/11,n/a,n/a,137,850,16.11764706,13.79908008,18.74108952,Significantly better than England average
45UE,E07000226,Crawley CD,ONS5.8,2010/11,n/a,n/a,186,1105,16.83257919,14.74224506,19.15272305,Not significantly different from England average
45UF,E07000227,Horsham CD,ONS5.9,2010/11,n/a,n/a,183,1257,14.55847255,12.71671099,16.6161965,Significantly better than England average
45UG,E07000228,Mid Sussex CD,ONS5.9,2010/11,n/a,n/a,152,1194,12.73031826,10.95850554,14.74117754,Significantly better than England average
45UH,E07000229,Worthing CD,ONS1.1,2010/11,n/a,n/a,149,908,16.40969163,14.14314014,18.95926554,Significantly better than England average
47UB,E07000234,Bromsgrove CD,ONS5.7,2010/11,n/a,n/a,131,850,15.41176471,13.14057073,17.99418574,Significantly better than England average
47UC,E07000235,Malvern Hills CD,ONS5.7,2010/11,n/a,n/a,116,678,17.10914454,14.46172065,20.12717912,Not significantly different from England average
47UD,E07000236,Redditch CD,ONS7.12,2010/11,n/a,n/a,148,709,20.87447109,18.04385851,24.01899503,Not significantly different from England average
47UE,E07000237,Worcester CD,ONS5.8,2010/11,n/a,n/a,154,885,17.40112994,15.04567378,20.03836238,Not significantly different from England average
47UF,E07000238,Wychavon CD,ONS5.7,2010/11,n/a,n/a,182,1014,17.94871795,15.7089968,20.43037005,Not significantly different from England average
47UG,E07000239,Wyre Forest CD,ONS5.7,2010/11,n/a,n/a,197,874,22.54004577,19.89348582,25.42693677,Significantly worse than England average
